name,label,chain_18_1_mean,chain_18_1_se,chain_16_0_mean,chain_16_0_se
sca,ALA,1.69804869942045,0.2309517950220559,1.737709445295156,0.26068727384968476
scv,VAL,1.9932655495070684,0.10612469704681105,1.9219307954845672,0.32433609002829095
scl,LEU,4.489129754886599,1.7397640915168164,3.822858669777424,1.2179538633534992
sci,ILE,4.720013334802029,0.8884641605083891,4.6003463775619355,0.947759072644497
scc,CYS,3.03755944402823,0.34998951871379286,2.131731434564074,0.3682022548117372
scm,MET,4.795974908303494,0.5041390779992744,4.789428279656298,0.7091535722856926
scs,SER,2.4058136635254765,0.4206209424256398,2.0669572345728944,0.2980984800673944
sct,THR,2.7435781379673823,0.3715114895615122,1.9382560739393888,0.36232119596139906
scn,ASN,1.6716039691932456,0.16073270269100412,1.7486201188181048,0.3093358202415146
scq,GLN,3.172067465572539,0.29153230124701796,2.5400955072549785,0.3732563832477281
scf,PHE,4.251379801635756,0.34722244463848223,3.944309220780871,0.24343311436242154
scy,TYR,10.167378877390135,0.3077245044524523,5.992969755374697,0.3860085763326435
scw,TRP,11.963180139691074,0.4969514485330991,5.801411476358605,0.29209378769238653
scp,PRO,7.080493971379094,0.6061989277820329,6.603417171728736,0.726924023274195
glyd,GLYD,2.3479245584250297,0.385081679985049,1.8022774050043588,0.36749741241471884
sche,HSE,5.098714338365178,0.7676453946305375,3.46532303418684,0.7252110602753142
schd,HSD,4.4579160134933,0.9669352746674402,3.527957547214672,0.3485185583559929
scdn,ASP0,4.742272781069856,0.40800069876039874,3.1953675705147035,0.6756083230265401
scen,GLU0,6.051068195435183,0.36706481194381335,4.661873648316745,0.44801818941292937
sckn,LYS0,7.442715334406914,0.3873160554461101,7.261235913616155,0.3708595898414604
scrn,ARG0,5.417041626660081,0.393021654814609,4.419701298717071,0.3849359677079973
schp,HSP+,4.002446387604116,0.3954079222586093,3.821636949469361,1.1073044446043314
scd,ASP-,6.062460871234434,0.7209063332975781,3.749784906205294,0.8827118281303875
sce,GLU-,4.382590494348566,0.7985757184981385,2.3310228463137665,0.45164842394103344
sccm,CYS-,4.560423060386149,0.7236489672138604,3.9983791670543436,0.917071220183848
scym,TYR-,2.1930145195724995,0.3348018920562019,1.4917966913961656,0.3037505427121482
sck,LYS+,5.946503067048462,2.029061158428473,4.757838524575043,1.2976035595050466
scr,ARG+,8.88518798520472,1.6224390260779862,7.122099123962266,1.1374696920976226
scrn-1,ARG0 (0.1M),5.417041626660081,0.393021654814609,4.419701298717071,0.3849359677079973
scw-1,TRP (0.1M),6.958953664220036,0.2545975057802241,3.895228292288934,0.22672792260838906
